user_id,total_sessions,total_requests,total_failed_requests,overall_failure_rate,avg_csat,risk_sessions_share,escalations_per_100_sessions,total_cost_usd,total_tokens,avg_tokens_per_request,avg_requests_per_session,primary_use_case,primary_channel,dominant_segment,dominant_account_tier,dominant_country_code,dominant_region,high_risk_user_flag,high_risk_sessions_count,total_escalations
U00001,2,10,6,0.6,-1.2,0.5,100.0,1.6308,7568,756.8,5.0,brainstorming,api,individual,free,IN,APAC,False,1,2
U00002,1,5,2,0.4,0.6666666666666666,0.0,0.0,0.7664799999999999,8788,1757.6,5.0,content_writing,web_app,team,pro,GB,EMEA,False,0,0
U00003,5,16,2,0.125,1.0,0.0,0.0,3.73612,15880,992.5,3.2,customer_support,slack,individual,free,CA,AMER,False,0,0
U00004,5,37,9,0.2432432432432432,1.1764705882352942,0.2,80.0,5.34624,38270,1034.3243243243244,7.4,customer_support,mobile_app,team,free,US,AMER,False,1,4
U00005,1,3,1,0.3333333333333333,2.0,0.0,0.0,0.9492,3492,1164.0,3.0,coding_assistant,web_app,team,free,US,AMER,False,0,0
U00006,1,5,1,0.2,1.0,0.0,100.0,0.76028,4054,810.8,5.0,brainstorming,api,team,free,IN,APAC,False,0,1
U00007,3,13,3,0.2307692307692307,1.5,0.0,100.0,2.12024,12338,949.0769230769232,4.333333333333333,customer_support,web_app,enterprise_team,free,BR,AMER,False,0,3
U00008,2,8,2,0.25,0.0,0.5,100.0,1.07164,6699,837.375,4.0,content_writing,api,individual,free,EG,EMEA,False,1,2
U00009,1,5,2,0.4,1.3333333333333333,0.0,100.0,0.36376,4262,852.4,5.0,content_writing,api,individual,free,AU,APAC,False,0,1
U00010,2,11,2,0.1818181818181818,0.5,0.0,0.0,2.015279999999996,12232,1112.0,5.5,customer_support,internal_tool,team,pro,US,AMER,False,0,0
U00011,3,23,7,0.3043478260869565,0.5833333333333334,0.3333,100.0,5.09964,24124,1048.8695652173913,7.666666666666667,customer_support,api,team,pro,BR,AMER,False,1,3
U00012,2,10,3,0.3,-0.125,0.0,0.0,1.6366,8821,882.1,5.0,customer_support,internal_tool,team,free,AU,APAC,False,0,0
U00013,9,45,12,0.2666666666666666,0.8571428571428571,0.1111,33.333333333333336,8.182,55409,1231.3111111111111,5.0,customer_support,web_app,enterprise_team,pro,BR,AMER,False,1,3
U00014,5,37,12,0.3243243243243243,0.5,0.2,140.0,6.729959999999996,44830,1211.6216216216217,7.4,coding_assistant,api,individual,pro,IN,APAC,False,1,7
U00015,4,20,10,0.5,-0.1818181818181818,0.25,125.0,4.76468,24666,1233.3,5.0,data_analysis,web_app,individual,free,GB,EMEA,True,1,5
U00016,7,44,17,0.3863636363636363,0.25,0.2857,142.85714285714286,6.22324,38052,864.8181818181819,6.285714285714286,coding_assistant,mobile_app,individual,free,GB,EMEA,False,2,10
U00017,8,45,18,0.4,0.7894736842105263,0.375,137.5,7.144199999999996,42476,943.9111111111112,5.625,internal_qa,mobile_app,individual,free,IN,APAC,False,3,11
U00018,5,24,7,0.2916666666666667,0.5454545454545454,0.0,80.0,3.6808,21934,913.9166666666666,4.8,customer_support,web_app,enterprise_team,free,GB,EMEA,False,0,4
U00019,2,8,1,0.125,0.8571428571428571,0.0,50.0,1.6735600000000002,11355,1419.375,4.0,content_writing,api,individual,pro,EG,EMEA,False,0,1
U00020,3,15,8,0.5333333333333333,0.6,0.6667,166.66666666666666,3.90156,14918,994.5333333333332,5.0,coding_assistant,web_app,individual,free,EG,EMEA,True,2,5
U00021,5,25,10,0.4,0.3333333333333333,0.4,120.0,5.686439999999996,34789,1391.56,5.0,customer_support,web_app,team,pro,AU,APAC,False,2,6
U00022,1,9,5,0.5555555555555556,-0.5,0.0,0.0,2.54148,10893,1210.3333333333333,9.0,coding_assistant,web_app,team,pro,EG,EMEA,False,0,0
U00023,3,18,6,0.3333333333333333,0.5833333333333334,0.3333,133.33333333333334,2.78484,16619,923.2777777777778,6.0,customer_support,web_app,individual,free,GB,EMEA,False,1,4
U00024,2,12,2,0.1666666666666666,0.625,0.0,50.0,1.18464,12668,1055.6666666666667,6.0,brainstorming,api,enterprise_team,free,GB,EMEA,False,0,1
U00025,2,7,1,0.1428571428571428,1.4,0.0,100.0,1.06876,5784,826.2857142857143,3.5,coding_assistant,api,team,free,BR,AMER,False,0,2
U00026,5,27,5,0.1851851851851851,1.2222222222222223,0.2,100.0,5.56288,34164,1265.3333333333333,5.4,brainstorming,web_app,individual,enterprise,FR,EMEA,False,1,5
U00027,5,35,10,0.2857142857142857,0.4210526315789473,0.2,120.0,5.38748,31903,911.5142857142856,7.0,customer_support,api,team,free,GB,EMEA,False,1,6
U00028,2,5,3,0.6,-0.3333333333333333,0.5,50.0,0.4992,6873,1374.6,2.5,customer_support,mobile_app,enterprise_team,pro,GB,EMEA,False,1,1
U00029,5,29,9,0.3103448275862069,0.238095238095238,0.2,60.0,5.495559999999996,30099,1037.896551724138,5.8,data_analysis,mobile_app,enterprise_team,free,FR,EMEA,False,1,3
U00030,4,31,12,0.3870967741935484,0.2222222222222222,0.25,75.0,6.039759999999999,33658,1085.741935483871,7.75,coding_assistant,web_app,individual,free,IN,APAC,False,1,3
U00031,4,21,3,0.1428571428571428,1.0,0.25,50.0,3.6762,22976,1094.095238095238,5.25,internal_qa,api,team,pro,US,AMER,False,1,2
U00032,3,13,7,0.5384615384615384,-0.2,0.6667,133.33333333333334,1.787159999999996,9949,765.3076923076923,4.333333333333333,coding_assistant,mobile_app,individual,free,FR,EMEA,False,2,4
U00033,4,24,4,0.1666666666666666,1.2142857142857142,0.0,50.0,3.6554,23577,982.375,6.0,content_writing,mobile_app,enterprise_team,free,AU,APAC,False,0,2
U00034,3,18,7,0.3888888888888889,0.0,0.0,100.0,2.96592,15741,874.5,6.0,customer_support,api,team,free,BR,AMER,False,0,3
U00035,5,26,4,0.1538461538461538,1.3333333333333333,0.0,80.0,4.948,28591,1099.6538461538462,5.2,customer_support,api,individual,free,EG,EMEA,False,0,4
U00036,3,17,7,0.4117647058823529,1.0,0.6667,133.33333333333334,3.14304,17892,1052.470588235294,5.666666666666667,coding_assistant,internal_tool,individual,free,EG,EMEA,False,2,4
U00037,7,45,10,0.2222222222222222,0.9565217391304348,0.2857,128.57142857142858,9.72848,51283,1139.6222222222225,6.428571428571429,customer_support,api,enterprise_team,enterprise,FR,EMEA,False,2,9
U00038,2,15,6,0.4,1.0,0.5,100.0,2.64616,14836,989.0666666666668,7.5,brainstorming,api,individual,free,GB,EMEA,False,1,2
U00039,6,31,6,0.1935483870967742,1.2777777777777777,0.3333,50.0,7.94308,45516,1468.258064516129,5.166666666666667,customer_support,api,individual,enterprise,CA,AMER,False,2,3
U00040,4,20,4,0.2,1.0769230769230769,0.25,75.0,4.07488,25330,1266.5,5.0,customer_support,web_app,individual,pro,IN,APAC,False,1,3
U00041,4,24,8,0.3333333333333333,0.6923076923076923,0.25,100.0,4.92508,25038,1043.25,6.0,customer_support,web_app,team,free,AE,EMEA,False,1,4
U00042,3,13,4,0.3076923076923077,1.0,0.3333,100.0,2.87136,11440,880.0,4.333333333333333,coding_assistant,mobile_app,individual,free,IN,APAC,False,1,3
U00043,3,22,1,0.0454545454545454,1.2,0.0,33.333333333333336,5.04552,34883,1585.590909090909,7.333333333333333,customer_support,web_app,enterprise_team,enterprise,US,AMER,False,0,1
U00044,5,36,18,0.5,0.2352941176470588,0.6,240.0,5.09856,32883,913.4166666666666,7.2,coding_assistant,api,individual,free,BR,AMER,True,3,12
U00045,4,28,5,0.1785714285714285,0.8636363636363636,0.25,50.0,4.964159999999996,36042,1287.2142857142858,7.0,coding_assistant,web_app,individual,enterprise,BR,AMER,False,1,2
U00046,2,11,3,0.2727272727272727,1.5,0.5,150.0,1.5524399999999998,11505,1045.909090909091,5.5,coding_assistant,slack,team,free,IN,APAC,False,1,3
U00047,6,28,4,0.1428571428571428,0.6470588235294118,0.0,33.333333333333336,5.0774,27537,983.4642857142856,4.666666666666667,customer_support,web_app,individual,free,AE,EMEA,False,0,2
U00048,3,20,6,0.3,0.0,0.0,66.66666666666667,3.55168,18471,923.55,6.666666666666667,coding_assistant,web_app,enterprise_team,free,IN,APAC,False,0,2
U00049,6,32,7,0.21875,0.5714285714285714,0.1667,16.666666666666668,6.721119999999996,30465,952.03125,5.333333333333333,customer_support,api,team,free,FR,EMEA,False,1,1
U00050,6,29,7,0.2413793103448276,0.9285714285714286,0.3333,66.66666666666667,5.31996,26231,904.5172413793103,4.833333333333333,content_writing,web_app,individual,free,EG,EMEA,False,2,4
U00051,2,11,1,0.0909090909090909,1.8333333333333333,0.0,0.0,2.48388,14238,1294.3636363636365,5.5,customer_support,slack,individual,pro,AU,APAC,False,0,0
U00052,4,24,6,0.25,0.5,0.0,125.0,3.892159999999996,23466,977.75,6.0,coding_assistant,web_app,individual,free,IN,APAC,False,0,5
U00053,1,8,2,0.25,1.0,0.0,200.0,2.15052,9654,1206.75,8.0,internal_qa,slack,individual,pro,DE,EMEA,True,0,2
U00054,7,42,14,0.3333333333333333,0.4736842105263157,0.2857,100.0,7.752280000000001,41042,977.190476190476,6.0,coding_assistant,api,team,free,GB,EMEA,False,2,7
U00055,2,16,5,0.3125,0.1111111111111111,0.5,150.0,2.424319999999996,18641,1165.0625,8.0,brainstorming,internal_tool,enterprise_team,enterprise,GB,EMEA,False,1,3
U00056,4,15,3,0.2,0.5714285714285714,0.0,75.0,2.41648,16342,1089.4666666666667,3.75,brainstorming,api,team,free,US,AMER,False,0,3
U00057,8,44,9,0.2045454545454545,0.9130434782608696,0.0,50.0,9.21368,43422,986.8636363636364,5.5,customer_support,web_app,enterprise_team,free,GB,EMEA,False,0,4
U00058,7,44,19,0.4318181818181818,0.2068965517241379,0.2857,128.57142857142858,7.0968,44162,1003.681818181818,6.285714285714286,coding_assistant,mobile_app,team,free,IN,APAC,True,2,9
U00059,2,13,7,0.5384615384615384,1.25,0.5,50.0,1.6803199999999998,13388,1029.8461538461538,6.5,coding_assistant,api,individual,free,BR,AMER,False,1,1
U00060,6,34,6,0.1764705882352941,0.8,0.0,83.33333333333333,6.57152,29817,876.9705882352941,5.666666666666667,customer_support,internal_tool,individual,free,FR,EMEA,False,0,5
U00061,7,41,11,0.2682926829268293,0.5909090909090909,0.1429,71.42857142857143,9.10448,53244,1298.6341463414635,5.857142857142857,data_analysis,web_app,enterprise_team,pro,EG,EMEA,False,1,5
U00062,3,16,4,0.25,0.4545454545454545,0.0,100.0,3.12108,18297,1143.5625,5.333333333333333,coding_assistant,api,individual,free,US,AMER,False,0,3
U00063,5,30,10,0.3333333333333333,0.3333333333333333,0.4,180.0,6.2162,29729,990.9666666666668,6.0,coding_assistant,web_app,individual,free,BR,AMER,True,2,9
U00065,3,22,4,0.1818181818181818,0.5714285714285714,0.3333,166.66666666666666,5.02848,30329,1378.590909090909,7.333333333333333,customer_support,web_app,individual,enterprise,GB,EMEA,False,1,5
U00066,1,7,3,0.4285714285714285,1.0,0.0,100.0,2.31648,7748,1106.857142857143,7.0,brainstorming,api,individual,pro,BR,AMER,False,0,1
U00067,2,13,4,0.3076923076923077,0.625,0.0,100.0,3.12196,16174,1244.1538461538462,6.5,content_writing,internal_tool,enterprise_team,pro,AU,APAC,False,0,2
U00068,6,34,8,0.2352941176470588,0.3157894736842105,0.0,133.33333333333334,7.40804,41736,1227.529411764706,5.666666666666667,customer_support,internal_tool,individual,pro,CA,AMER,False,0,8
U00069,3,18,2,0.1111111111111111,0.8888888888888888,0.3333,66.66666666666667,2.296399999999996,16673,926.2777777777778,6.0,customer_support,web_app,individual,free,IN,APAC,False,1,2
U00070,3,21,7,0.3333333333333333,0.75,0.0,100.0,3.36924,16629,791.8571428571429,7.0,customer_support,web_app,enterprise_team,free,US,AMER,False,0,3
U00071,2,13,7,0.5384615384615384,1.0,1.0,350.0,3.67332,16946,1303.5384615384614,6.5,coding_assistant,web_app,individual,pro,GB,EMEA,True,2,7
U00072,6,31,9,0.2903225806451613,0.5263157894736842,0.1667,183.3333333333333,8.23352,45342,1462.645161290323,5.166666666666667,customer_support,web_app,enterprise_team,enterprise,FR,EMEA,True,1,11
U00073,1,6,5,0.8333333333333334,-0.5,1.0,300.0,1.60724,10465,1744.1666666666667,6.0,coding_assistant,api,individual,pro,IN,APAC,True,1,3
U00074,6,33,7,0.2121212121212121,0.6086956521739131,0.0,100.0,6.7618,40100,1215.1515151515152,5.5,coding_assistant,web_app,team,enterprise,GB,EMEA,False,0,6
U00075,2,6,3,0.5,0.2,0.5,100.0,1.736639999999996,6077,1012.8333333333334,3.0,data_analysis,api,individual,pro,IN,APAC,False,1,2
U00076,6,28,8,0.2857142857142857,0.65,0.3333,50.0,3.749120000000001,28465,1016.6071428571428,4.666666666666667,customer_support,api,enterprise_team,free,IN,APAC,False,2,3
U00077,5,33,7,0.2121212121212121,0.8947368421052632,0.2,120.0,7.41936,38838,1176.909090909091,6.6,customer_support,api,individual,enterprise,US,AMER,False,1,6
U00078,1,9,3,0.3333333333333333,-0.5,0.0,0.0,2.36476,13279,1475.4444444444443,9.0,data_analysis,web_app,team,pro,US,AMER,False,0,0
U00080,1,4,2,0.5,1.0,1.0,100.0,0.7432,4666,1166.5,4.0,content_writing,api,team,pro,GB,EMEA,False,1,1
U00081,4,19,5,0.2631578947368421,1.1111111111111112,0.0,50.0,6.69072,24529,1291.0,4.75,coding_assistant,web_app,team,pro,FR,EMEA,False,0,2
U00082,3,20,13,0.65,-0.7857142857142857,0.6667,66.66666666666667,3.7302,20084,1004.2,6.666666666666667,internal_qa,web_app,team,free,CA,AMER,False,2,2
U00083,1,2,1,0.5,2.0,0.0,0.0,0.4614,1844,922.0,2.0,content_writing,mobile_app,team,free,GB,EMEA,False,0,0
U00084,1,6,0,0.0,0.5,0.0,100.0,1.3241999999999958,4832,805.3333333333334,6.0,content_writing,api,team,free,GB,EMEA,False,0,1
U00085,4,20,7,0.35,0.3333333333333333,0.25,50.0,2.90076,19145,957.25,5.0,brainstorming,internal_tool,enterprise_team,free,US,AMER,False,1,2
U00086,2,18,6,0.3333333333333333,0.75,0.0,200.0,3.56616,18359,1019.9444444444443,9.0,coding_assistant,mobile_app,individual,free,AU,APAC,True,0,4
U00087,2,10,2,0.2,-0.5,0.0,0.0,2.29572,11192,1119.2,5.0,coding_assistant,web_app,enterprise_team,enterprise,GB,EMEA,False,0,0
U00088,2,10,8,0.8,-0.5714285714285714,0.5,150.0,1.86388,8553,855.3,5.0,coding_assistant,web_app,individual,free,BR,AMER,True,1,3
U00089,4,22,6,0.2727272727272727,0.5555555555555556,0.0,75.0,5.34536,28665,1302.9545454545455,5.5,coding_assistant,api,team,pro,BR,AMER,False,0,3
U00090,6,43,11,0.2558139534883721,0.8181818181818182,0.0,100.0,10.6642,51790,1204.4186046511627,7.166666666666667,customer_support,web_app,individual,pro,AU,APAC,False,0,6
U00091,2,10,5,0.5,0.1428571428571428,0.5,100.0,1.6974,8976,897.6,5.0,content_writing,internal_tool,team,free,BR,AMER,False,1,2
U00092,4,21,9,0.4285714285714285,-0.4545454545454545,0.5,125.0,3.25632,17671,841.4761904761905,5.25,customer_support,mobile_app,individual,free,CA,AMER,False,2,5
U00093,3,12,1,0.0833333333333333,1.0,0.0,0.0,2.54168,14653,1221.0833333333333,4.0,customer_support,api,individual,pro,US,AMER,False,0,0
U00094,2,14,4,0.2857142857142857,0.9,0.0,50.0,4.64136,19047,1360.5,7.0,customer_support,mobile_app,individual,pro,IN,APAC,False,0,1
U00095,1,7,2,0.2857142857142857,0.8,1.0,200.0,1.1039599999999998,5573,796.1428571428571,7.0,coding_assistant,api,individual,free,IN,APAC,True,1,2
U00096,7,36,9,0.25,0.5333333333333333,0.1429,42.85714285714285,7.915,39674,1102.0555555555557,5.142857142857143,customer_support,api,individual,pro,CA,AMER,False,1,3
U00097,1,4,2,0.5,-2.0,1.0,200.0,0.7268399999999999,4125,1031.25,4.0,coding_assistant,web_app,individual,free,FR,EMEA,True,1,2
U00098,1,5,3,0.6,1.0,1.0,200.0,0.9062,7282,1456.4,5.0,coding_assistant,internal_tool,individual,pro,AE,EMEA,True,1,2
U00099,5,19,4,0.2105263157894736,1.2857142857142858,0.0,20.0,4.20396,25545,1344.4736842105262,3.8,customer_support,web_app,individual,pro,AE,EMEA,False,0,1
U00100,5,25,9,0.36,0.5,0.4,100.0,4.38892,24005,960.2,5.0,customer_support,web_app,enterprise_team,free,US,AMER,False,2,5
U00101,2,13,7,0.5384615384615384,0.5,0.5,150.0,2.38536,11146,857.3846153846154,6.5,coding_assistant,web_app,enterprise_team,free,CA,AMER,True,1,3
U00102,6,31,10,0.3225806451612903,0.3888888888888889,0.5,150.0,3.20708,27537,888.2903225806451,5.166666666666667,content_writing,api,individual,free,IN,APAC,True,3,9
U00103,4,27,3,0.1111111111111111,0.9375,0.0,25.0,6.02772,31004,1148.2962962962963,6.75,brainstorming,api,team,enterprise,DE,EMEA,False,0,1
U00104,1,9,1,0.1111111111111111,0.8571428571428571,0.0,0.0,1.60004,10597,1177.4444444444443,9.0,data_analysis,api,individual,enterprise,BR,AMER,False,0,0
U00105,7,32,11,0.34375,0.6,0.4286,71.42857142857143,6.55408,31864,995.75,4.571428571428571,customer_support,api,team,free,GB,EMEA,False,3,5
U00106,2,5,2,0.4,0.5,0.5,100.0,0.60008,4557,911.4,2.5,coding_assistant,api,team,free,CA,AMER,False,1,2
U00107,4,22,3,0.1363636363636363,1.2857142857142858,0.0,175.0,5.40768,27459,1248.1363636363635,5.5,content_writing,api,enterprise_team,enterprise,US,AMER,True,0,7
U00108,3,14,3,0.2142857142857142,-0.4,0.0,66.66666666666667,4.32708,19478,1391.2857142857142,4.666666666666667,content_writing,web_app,enterprise_team,pro,AU,APAC,False,0,2
U00109,3,18,3,0.1666666666666666,0.8,0.0,66.66666666666667,3.99664,22696,1260.888888888889,6.0,customer_support,api,individual,pro,US,AMER,False,0,2
U00111,2,10,6,0.6,0.25,1.0,250.0,1.65292,8586,858.6,5.0,coding_assistant,api,team,free,BR,AMER,True,2,5
U00112,3,17,3,0.1764705882352941,0.2,0.3333,133.33333333333334,4.38216,19894,1170.235294117647,5.666666666666667,coding_assistant,api,enterprise_team,enterprise,US,AMER,False,1,4
U00113,7,41,17,0.4146341463414634,0.1818181818181818,0.4286,128.57142857142858,8.07328,49055,1196.4634146341464,5.857142857142857,customer_support,mobile_app,individual,pro,GB,EMEA,False,3,9
U00114,6,26,5,0.1923076923076923,0.5294117647058824,0.1667,66.66666666666667,6.65556,36339,1397.6538461538462,4.333333333333333,customer_support,web_app,individual,pro,DE,EMEA,False,1,4
U00115,4,24,8,0.3333333333333333,0.2941176470588235,0.25,150.0,4.36008,24891,1037.125,6.0,coding_assistant,web_app,individual,free,US,AMER,False,1,6
U00116,6,39,9,0.2307692307692307,0.6086956521739131,0.3333,116.66666666666669,11.994,58570,1501.7948717948718,6.5,data_analysis,web_app,individual,enterprise,BR,AMER,False,2,7
U00117,1,4,3,0.75,-2.0,1.0,100.0,0.38016,3459,864.75,4.0,internal_qa,slack,enterprise_team,free,EG,EMEA,False,1,1
U00118,4,18,4,0.2222222222222222,0.2727272727272727,0.0,50.0,4.50632,25789,1432.7222222222222,4.5,customer_support,api,individual,enterprise,IN,APAC,False,0,2
U00119,5,31,7,0.2258064516129032,0.5217391304347826,0.0,80.0,4.75532,31973,1031.3870967741937,6.2,content_writing,web_app,enterprise_team,free,AU,APAC,False,0,4
U00120,3,15,3,0.2,1.625,0.0,66.66666666666667,1.99096,14647,976.4666666666668,5.0,coding_assistant,api,individual,free,GB,EMEA,False,0,2
U00121,3,17,3,0.1764705882352941,0.8333333333333334,0.3333,33.333333333333336,1.70384,15374,904.3529411764706,5.666666666666667,coding_assistant,api,team,free,EG,EMEA,False,1,1
U00122,3,18,7,0.3888888888888889,1.25,0.6667,166.66666666666666,2.96172,17497,972.0555555555557,6.0,content_writing,mobile_app,team,free,IN,APAC,True,2,5
U00123,2,14,7,0.5,0.3333333333333333,0.5,200.0,2.8870400000000003,13466,961.8571428571428,7.0,customer_support,api,individual,pro,GB,EMEA,True,1,4
U00124,5,27,12,0.4444444444444444,0.7272727272727273,0.4,120.0,3.2762,23054,853.8518518518518,5.4,customer_support,slack,team,free,CA,AMER,False,2,6
U00125,3,24,7,0.2916666666666667,0.8571428571428571,0.3333,266.6666666666667,3.42808,26276,1094.8333333333333,8.0,coding_assistant,api,individual,pro,AE,EMEA,True,1,8
U00126,5,23,7,0.3043478260869565,0.5,0.4,80.0,4.73804,33323,1448.8260869565215,4.6,customer_support,mobile_app,individual,pro,US,AMER,False,2,4
U00127,1,4,0,0.0,1.5,0.0,0.0,1.87664,6172,1543.0,4.0,brainstorming,web_app,team,pro,DE,EMEA,False,0,0
U00128,7,38,10,0.2631578947368421,0.5,0.1429,85.71428571428571,7.12476,33660,885.7894736842105,5.428571428571429,data_analysis,api,individual,free,DE,EMEA,False,1,6
U00129,4,31,7,0.2258064516129032,1.0,0.25,150.0,4.710039999999999,30742,991.6774193548388,7.75,coding_assistant,web_app,individual,free,FR,EMEA,False,1,6
U00130,7,39,5,0.1282051282051282,1.0454545454545454,0.1429,100.0,9.70428,52387,1343.2564102564102,5.571428571428571,customer_support,api,team,enterprise,FR,EMEA,False,1,7
U00131,6,33,11,0.3333333333333333,0.0,0.3333,133.33333333333334,7.50008,44905,1360.7575757575758,5.5,data_analysis,web_app,individual,pro,CA,AMER,False,2,8
U00132,2,6,1,0.1666666666666666,1.0,0.0,100.0,0.97616,6166,1027.6666666666667,3.0,customer_support,api,individual,free,IN,APAC,False,0,2
U00133,7,41,13,0.3170731707317073,0.5217391304347826,0.2857,114.28571428571428,8.924639999999997,47897,1168.219512195122,5.857142857142857,customer_support,web_app,team,pro,FR,EMEA,False,2,8
U00134,4,15,3,0.2,1.2,0.0,25.0,3.10412,13234,882.2666666666667,3.75,customer_support,api,individual,free,IN,APAC,False,0,1
U00136,2,13,8,0.6153846153846154,-0.25,1.0,150.0,1.68296,13382,1029.3846153846157,6.5,brainstorming,mobile_app,team,free,US,AMER,True,2,3
U00137,1,6,4,0.6666666666666666,-1.0,0.0,0.0,1.69124,6894,1149.0,6.0,internal_qa,slack,enterprise_team,free,IN,APAC,False,0,0
U00138,2,16,6,0.375,-0.1428571428571428,0.0,100.0,3.69928,20211,1263.1875,8.0,brainstorming,mobile_app,individual,pro,AE,EMEA,False,0,2
U00139,7,49,14,0.2857142857142857,0.6086956521739131,0.1429,157.14285714285714,7.48472,43414,886.0,7.0,customer_support,api,individual,free,US,AMER,False,1,11
U00140,2,8,1,0.125,0.5,0.0,100.0,0.95848,7270,908.75,4.0,brainstorming,web_app,individual,pro,IN,APAC,False,0,2
U00141,2,10,3,0.3,-1.25,0.0,100.0,1.737719999999996,10355,1035.5,5.0,coding_assistant,web_app,individual,pro,FR,EMEA,False,0,2
U00142,5,17,5,0.2941176470588235,0.9166666666666666,0.2,60.0,2.18256,13594,799.6470588235294,3.4,data_analysis,api,individual,free,EG,EMEA,False,1,3
U00143,5,35,12,0.3428571428571428,0.3181818181818182,0.2,100.0,6.84704,33456,955.8857142857142,7.0,content_writing,internal_tool,team,free,EG,EMEA,False,1,5
U00145,3,17,3,0.1764705882352941,0.6,0.0,133.33333333333334,4.167079999999996,22529,1325.235294117647,5.666666666666667,brainstorming,mobile_app,team,enterprise,US,AMER,False,0,4
U00146,4,22,4,0.1818181818181818,0.4666666666666667,0.0,125.0,4.95396,24732,1124.1818181818182,5.5,brainstorming,web_app,enterprise_team,free,US,AMER,False,0,5
U00147,2,12,1,0.0833333333333333,1.3333333333333333,0.0,50.0,2.5278400000000003,14193,1182.75,6.0,coding_assistant,internal_tool,team,pro,FR,EMEA,False,0,1
U00148,4,14,4,0.2857142857142857,1.5,0.0,25.0,2.77004,16221,1158.642857142857,3.5,data_analysis,internal_tool,enterprise_team,pro,AU,APAC,False,0,1
U00149,3,20,5,0.25,0.6428571428571429,0.3333,66.66666666666667,2.3148,24388,1219.4,6.666666666666667,brainstorming,api,team,pro,CA,AMER,False,1,2
U00150,1,6,0,0.0,1.6666666666666667,0.0,0.0,1.2878,5510,918.3333333333334,6.0,internal_qa,internal_tool,team,pro,IN,APAC,False,0,0
U00151,3,18,3,0.1666666666666666,0.875,0.0,0.0,3.3582,20782,1154.5555555555557,6.0,customer_support,internal_tool,individual,pro,CA,AMER,False,0,0
U00152,6,38,10,0.2631578947368421,0.7692307692307693,0.0,83.33333333333333,7.03992,35506,934.3684210526316,6.333333333333333,customer_support,api,team,free,GB,EMEA,False,0,5
U00153,2,10,0,0.0,1.5,0.0,0.0,1.02668,10991,1099.1,5.0,brainstorming,api,team,free,AE,EMEA,False,0,0
U00154,6,39,11,0.282051282051282,0.2758620689655172,0.1667,133.33333333333334,5.4542,31520,808.2051282051282,6.5,data_analysis,api,individual,free,GB,EMEA,False,1,8
U00155,2,9,1,0.1111111111111111,1.75,0.0,50.0,1.3846,7654,850.4444444444445,4.5,brainstorming,web_app,team,free,GB,EMEA,False,0,1
U00156,4,15,5,0.3333333333333333,0.3333333333333333,0.25,75.0,2.90932,14903,993.5333333333332,3.75,brainstorming,web_app,team,free,US,AMER,False,1,3
U00157,3,12,7,0.5833333333333334,-0.7142857142857143,0.6667,133.33333333333334,1.80876,12135,1011.25,4.0,coding_assistant,internal_tool,individual,free,EG,EMEA,True,2,4
U00158,3,23,5,0.217391304347826,0.375,0.0,100.0,4.10128,21026,914.1739130434784,7.666666666666667,brainstorming,web_app,individual,free,IN,APAC,False,0,3
U00159,7,37,13,0.3513513513513513,0.25,0.4286,85.71428571428571,6.4618,46193,1248.4594594594594,5.285714285714286,coding_assistant,web_app,team,enterprise,FR,EMEA,False,3,6
U00160,4,32,7,0.21875,0.6111111111111112,0.25,25.0,5.489319999999999,41241,1288.78125,8.0,customer_support,api,team,enterprise,EG,EMEA,False,1,1
U00161,4,28,9,0.3214285714285714,0.5294117647058824,0.0,150.0,4.57424,28037,1001.3214285714286,7.0,content_writing,web_app,individual,free,FR,EMEA,False,0,6
U00162,2,10,2,0.2,1.0,0.0,50.0,2.32576,16809,1680.9,5.0,coding_assistant,slack,enterprise_team,enterprise,AE,EMEA,False,0,1
U00163,7,44,13,0.2954545454545454,-0.1111111111111111,0.2857,85.71428571428571,9.63356,53537,1216.75,6.285714285714286,content_writing,web_app,team,pro,FR,EMEA,False,2,6
U00164,5,21,5,0.238095238095238,1.0,0.2,40.0,3.37976,21046,1002.190476190476,4.2,customer_support,api,individual,free,IN,APAC,False,1,2
U00165,1,4,2,0.5,-0.5,0.0,0.0,0.94456,4180,1045.0,4.0,internal_qa,api,individual,free,FR,EMEA,False,0,0
U00166,3,22,6,0.2727272727272727,0.4615384615384615,0.0,133.33333333333334,4.650119999999999,22593,1026.9545454545455,7.333333333333333,content_writing,web_app,individual,free,EG,EMEA,False,0,4
U00167,2,13,5,0.3846153846153846,0.4166666666666667,0.0,100.0,1.85388,13919,1070.6923076923076,6.5,customer_support,mobile_app,team,free,IN,APAC,False,0,2
U00168,7,30,10,0.3333333333333333,0.4375,0.1429,71.42857142857143,6.00088,29290,976.3333333333334,4.285714285714286,customer_support,api,team,free,US,AMER,False,1,5
U00169,4,17,1,0.0588235294117647,1.5,0.0,0.0,3.25356,21704,1276.7058823529412,4.25,content_writing,api,individual,pro,US,AMER,False,0,0
U00170,2,16,7,0.4375,0.3,0.5,50.0,2.74332,14752,922.0,8.0,data_analysis,mobile_app,individual,free,IN,APAC,False,1,1
U00171,4,27,6,0.2222222222222222,0.875,0.0,125.0,4.2546,27479,1017.7407407407408,6.75,coding_assistant,api,team,free,GB,EMEA,False,0,5
U00172,1,7,1,0.1428571428571428,0.3333333333333333,0.0,100.0,2.54116,9145,1306.428571428571,7.0,customer_support,web_app,enterprise_team,pro,DE,EMEA,False,0,1
U00173,3,14,4,0.2857142857142857,0.9090909090909092,0.3333,66.66666666666667,3.5614,14804,1057.428571428571,4.666666666666667,coding_assistant,web_app,individual,free,GB,EMEA,False,1,2
U00174,2,7,1,0.1428571428571428,1.0,0.0,100.0,2.02056,10541,1505.857142857143,3.5,content_writing,slack,individual,enterprise,IN,APAC,False,0,2
U00175,5,25,7,0.28,0.6470588235294118,0.4,160.0,7.44936,34712,1388.48,5.0,customer_support,api,team,pro,EG,EMEA,False,2,8
U00176,1,7,1,0.1428571428571428,1.0,0.0,0.0,2.60472,9235,1319.2857142857142,7.0,content_writing,slack,individual,enterprise,AE,EMEA,False,0,0
U00177,6,18,5,0.2777777777777778,0.75,0.1667,66.66666666666667,2.5445200000000003,16083,893.5,3.0,content_writing,web_app,individual,free,US,AMER,False,1,4
U00178,4,19,6,0.3157894736842105,1.0,0.25,150.0,4.72556,22839,1202.0526315789473,4.75,coding_assistant,api,individual,pro,EG,EMEA,False,1,6
U00179,1,6,2,0.3333333333333333,-1.0,0.0,100.0,1.70128,7787,1297.8333333333333,6.0,internal_qa,web_app,individual,pro,EG,EMEA,False,0,1
U00180,1,2,1,0.5,,0.0,100.0,0.6956800000000001,2414,1207.0,2.0,customer_support,mobile_app,individual,pro,IN,APAC,False,0,1
U00181,3,19,4,0.2105263157894736,1.0,0.3333,133.33333333333334,6.26096,29004,1526.5263157894738,6.333333333333333,coding_assistant,web_app,individual,enterprise,BR,AMER,False,1,4
U00182,4,16,8,0.5,0.6,0.25,50.0,2.09472,12712,794.5,4.0,coding_assistant,api,team,free,US,AMER,False,1,2
U00183,2,9,3,0.3333333333333333,-0.25,0.5,150.0,0.89344,6679,742.1111111111111,4.5,customer_support,internal_tool,team,free,AU,APAC,True,1,3
U00184,5,33,7,0.2121212121212121,1.1111111111111112,0.0,160.0,7.3882,38993,1181.6060606060605,6.6,internal_qa,mobile_app,team,pro,US,AMER,True,0,8
U00185,3,22,6,0.2727272727272727,1.181818181818182,0.0,166.66666666666666,4.1980799999999965,27726,1260.2727272727273,7.333333333333333,coding_assistant,api,enterprise_team,pro,US,AMER,True,0,5
U00186,4,33,8,0.2424242424242424,0.8888888888888888,0.0,175.0,5.01196,30844,934.6666666666666,8.25,brainstorming,mobile_app,enterprise_team,free,IN,APAC,True,0,7
U00187,1,4,3,0.75,1.0,0.0,0.0,0.446,4612,1153.0,4.0,data_analysis,web_app,individual,free,AE,EMEA,False,0,0
U00188,2,11,1,0.0909090909090909,1.4,0.0,50.0,1.88,10699,972.6363636363636,5.5,customer_support,api,individual,free,DE,EMEA,False,0,1
U00189,4,20,3,0.15,0.9,0.25,125.0,3.75544,23333,1166.65,5.0,coding_assistant,web_app,individual,pro,BR,AMER,False,1,5
U00190,4,23,3,0.1304347826086956,1.0909090909090908,0.0,100.0,4.35336,25920,1126.9565217391305,5.75,content_writing,internal_tool,enterprise_team,pro,AU,APAC,False,0,4
U00191,4,15,4,0.2666666666666666,0.875,0.0,75.0,2.10348,12392,826.1333333333333,3.75,customer_support,web_app,team,free,EG,EMEA,False,0,3
U00192,7,39,11,0.282051282051282,0.85,0.1429,100.0,7.42096,38590,989.4871794871794,5.571428571428571,customer_support,mobile_app,enterprise_team,free,AU,APAC,False,1,7
U00193,5,24,6,0.25,1.4,0.2,80.0,3.4626400000000004,21297,887.375,4.8,content_writing,web_app,individual,free,IN,APAC,False,1,4
U00194,6,26,6,0.2307692307692307,1.1333333333333333,0.1667,100.0,5.06856,24946,959.4615384615385,4.333333333333333,content_writing,slack,enterprise_team,free,EG,EMEA,False,1,6
U00195,2,13,3,0.2307692307692307,2.0,0.0,100.0,2.18408,13337,1025.923076923077,6.5,coding_assistant,internal_tool,enterprise_team,free,BR,AMER,False,0,2
U00196,4,18,5,0.2777777777777778,0.25,0.25,75.0,3.4412,16767,931.5,4.5,customer_support,web_app,team,free,GB,EMEA,False,1,3
U00197,6,23,6,0.2608695652173913,0.1111111111111111,0.3333,83.33333333333333,4.038,21987,955.9565217391304,3.8333333333333335,brainstorming,api,enterprise_team,free,DE,EMEA,False,2,5
U00198,3,17,6,0.3529411764705882,0.125,0.3333,33.333333333333336,3.94952,16516,971.529411764706,5.666666666666667,content_writing,web_app,team,free,US,AMER,False,1,1
U00199,1,4,0,0.0,0.0,0.0,0.0,0.6198,5165,1291.25,4.0,brainstorming,mobile_app,team,enterprise,DE,EMEA,False,0,0
U00200,2,13,3,0.2307692307692307,1.1666666666666667,0.5,200.0,2.5141599999999995,11454,881.0769230769231,6.5,customer_support,internal_tool,enterprise_team,free,GB,EMEA,True,1,4
U00201,5,26,6,0.2307692307692307,0.75,0.2,100.0,3.98524,30999,1192.2692307692307,5.2,customer_support,internal_tool,individual,pro,US,AMER,False,1,5
U00202,3,23,6,0.2608695652173913,0.9285714285714286,0.0,233.3333333333333,4.074919999999996,30629,1331.695652173913,7.666666666666667,brainstorming,web_app,team,pro,AE,EMEA,True,0,7
U00203,3,21,3,0.1428571428571428,0.6428571428571429,0.0,33.333333333333336,5.43188,27601,1314.3333333333333,7.0,brainstorming,api,individual,pro,IN,APAC,False,0,1
U00204,2,19,4,0.2105263157894736,0.6666666666666666,0.0,150.0,4.62164,27467,1445.6315789473683,9.5,data_analysis,api,individual,pro,GB,EMEA,False,0,3
U00205,7,32,10,0.3125,0.0,0.1429,128.57142857142858,5.58004,30108,940.875,4.571428571428571,customer_support,slack,team,free,IN,APAC,False,1,9
U00206,4,22,1,0.0454545454545454,1.5,0.0,100.0,5.7908800000000005,28169,1280.409090909091,5.5,brainstorming,internal_tool,individual,pro,FR,EMEA,False,0,4
U00207,4,25,8,0.32,0.4,0.0,150.0,4.968599999999996,24551,982.04,6.25,data_analysis,api,individual,free,EG,EMEA,False,0,6
U00208,2,10,7,0.7,-0.1666666666666666,1.0,200.0,1.52896,10853,1085.3,5.0,data_analysis,api,individual,free,US,AMER,True,2,4
U00209,7,46,13,0.2826086956521739,0.6296296296296297,0.2857,100.0,11.492640000000002,55212,1200.2608695652175,6.571428571428571,coding_assistant,web_app,individual,pro,IN,APAC,False,2,7
U00211,1,4,0,0.0,0.75,0.0,0.0,0.897439999999996,2702,675.5,4.0,brainstorming,internal_tool,individual,free,AU,APAC,False,0,0
U00212,3,22,6,0.2727272727272727,1.0,0.0,66.66666666666667,2.94244,21196,963.4545454545456,7.333333333333333,coding_assistant,web_app,individual,free,US,AMER,False,0,2
U00213,5,32,11,0.34375,0.55,0.4,100.0,5.0913200000000005,29564,923.875,6.4,internal_qa,web_app,team,free,US,AMER,False,2,5
U00214,5,37,12,0.3243243243243243,0.4285714285714285,0.6,180.0,10.27716,55743,1506.5675675675675,7.4,coding_assistant,api,team,enterprise,GB,EMEA,True,3,9
U00215,2,12,3,0.25,0.6666666666666666,0.5,50.0,1.467399999999996,11722,976.8333333333334,6.0,coding_assistant,mobile_app,enterprise_team,free,EG,EMEA,False,1,1
U00216,6,37,11,0.2972972972972973,0.7727272727272727,0.3333,133.33333333333334,7.5122,48090,1299.7297297297298,6.166666666666667,internal_qa,web_app,team,enterprise,IN,APAC,False,2,8
U00217,3,17,5,0.2941176470588235,0.2222222222222222,0.0,66.66666666666667,3.186799999999996,15820,930.5882352941176,5.666666666666667,coding_assistant,internal_tool,individual,free,IN,APAC,False,0,2
U00218,5,23,7,0.3043478260869565,0.4375,0.2,80.0,5.47924,30656,1332.8695652173913,4.6,customer_support,web_app,individual,enterprise,US,AMER,False,1,4
U00219,1,3,0,0.0,1.0,0.0,0.0,0.12764,2640,880.0,3.0,content_writing,mobile_app,individual,free,BR,AMER,False,0,0
U00220,4,16,7,0.4375,1.0,0.25,50.0,3.80668,16772,1048.25,4.0,data_analysis,api,individual,free,IN,APAC,False,1,2
U00221,2,13,3,0.2307692307692307,0.625,0.0,150.0,2.82064,13646,1049.6923076923076,6.5,data_analysis,internal_tool,enterprise_team,free,IN,APAC,False,0,3
U00222,3,20,3,0.15,0.7272727272727273,0.0,200.0,5.4642,27280,1364.0,6.666666666666667,brainstorming,mobile_app,team,pro,US,AMER,True,0,6
U00223,2,15,4,0.2666666666666666,0.2,0.0,100.0,1.66992,12547,836.4666666666667,7.5,content_writing,slack,team,free,AE,EMEA,False,0,2
U00224,5,34,10,0.2941176470588235,0.6111111111111112,0.0,80.0,4.43044,28581,840.6176470588235,6.8,coding_assistant,api,enterprise_team,free,FR,EMEA,False,0,4
U00225,3,20,4,0.2,0.6363636363636364,0.0,166.66666666666666,3.1884,17677,883.85,6.666666666666667,customer_support,api,team,free,AU,APAC,False,0,5
U00226,3,15,4,0.2666666666666666,0.0,0.0,66.66666666666667,4.94464,22566,1504.4,5.0,customer_support,web_app,enterprise_team,pro,IN,APAC,False,0,2
U00227,1,9,2,0.2222222222222222,0.4,0.0,100.0,1.59924,6995,777.2222222222222,9.0,brainstorming,internal_tool,team,free,GB,EMEA,False,0,1
U00228,5,24,8,0.3333333333333333,0.4166666666666667,0.2,140.0,3.7378,18315,763.125,4.8,customer_support,web_app,individual,free,US,AMER,False,1,7
U00229,4,30,7,0.2333333333333333,0.8421052631578947,0.0,75.0,4.52648,29332,977.7333333333332,7.5,coding_assistant,api,team,free,US,AMER,False,0,3
U00230,4,20,6,0.3,1.1111111111111112,0.25,100.0,3.2351600000000005,16908,845.4,5.0,customer_support,api,team,free,GB,EMEA,False,1,4
U00231,5,28,7,0.25,0.4210526315789473,0.2,80.0,4.48488,26048,930.2857142857144,5.6,content_writing,api,team,free,EG,EMEA,False,1,4
U00232,3,14,6,0.4285714285714285,0.0909090909090909,0.3333,200.0,2.90576,16669,1190.642857142857,4.666666666666667,brainstorming,api,team,pro,CA,AMER,True,1,6
U00233,3,15,5,0.3333333333333333,-0.1,0.6667,100.0,4.06684,18521,1234.7333333333331,5.0,customer_support,internal_tool,individual,enterprise,EG,EMEA,False,2,3
U00234,2,9,2,0.2222222222222222,1.3333333333333333,0.0,50.0,1.32096,9137,1015.2222222222222,4.5,coding_assistant,mobile_app,enterprise_team,pro,IN,APAC,False,0,1
U00235,6,33,9,0.2727272727272727,0.4117647058823529,0.1667,133.33333333333334,4.7456,33913,1027.6666666666667,5.5,content_writing,web_app,individual,free,BR,AMER,False,1,8
U00236,1,1,0,0.0,1.0,0.0,0.0,0.0111999999999999,35,35.0,1.0,brainstorming,mobile_app,team,pro,DE,EMEA,False,0,0
U00237,5,22,9,0.4090909090909091,-0.4545454545454545,0.2,40.0,3.99692,21210,964.0909090909092,4.4,customer_support,api,team,free,GB,EMEA,False,1,2
U00238,5,20,5,0.25,1.0,0.2,100.0,4.86984,28234,1411.7,4.0,coding_assistant,api,team,enterprise,EG,EMEA,False,1,5
U00239,3,24,6,0.25,1.1666666666666667,0.0,33.333333333333336,4.97524,24979,1040.7916666666667,8.0,coding_assistant,web_app,individual,free,IN,APAC,False,0,1
U00240,5,32,11,0.34375,0.9230769230769232,0.2,200.0,4.95028,32063,1001.96875,6.4,data_analysis,api,individual,free,FR,EMEA,True,1,10
U00241,4,22,2,0.0909090909090909,1.0,0.0,100.0,4.8756,30836,1401.6363636363635,5.5,content_writing,web_app,enterprise_team,enterprise,US,AMER,False,0,4
U00242,6,33,5,0.1515151515151515,1.5384615384615383,0.0,100.0,7.3444,45490,1378.4848484848485,5.5,coding_assistant,web_app,enterprise_team,enterprise,IN,APAC,False,0,6
U00243,5,37,9,0.2432432432432432,0.6666666666666666,0.0,160.0,6.93676,37400,1010.8108108108108,7.4,content_writing,api,individual,free,EG,EMEA,False,0,8
U00244,2,8,2,0.25,-0.3333333333333333,0.0,150.0,0.7661600000000001,6203,775.375,4.0,brainstorming,api,team,free,AE,EMEA,False,0,3
U00245,5,31,9,0.2903225806451613,0.8181818181818182,0.0,120.0,4.30272,28844,930.451612903226,6.2,brainstorming,web_app,team,free,CA,AMER,False,0,6
U00246,1,8,2,0.25,1.6666666666666667,0.0,400.0,2.326679999999996,7679,959.875,8.0,data_analysis,mobile_app,individual,free,IN,APAC,True,0,4
U00247,4,26,6,0.2307692307692307,0.6666666666666666,0.0,75.0,4.08296,25454,979.0,6.5,customer_support,web_app,team,free,DE,EMEA,False,0,3
U00248,2,13,4,0.3076923076923077,-0.1666666666666666,0.0,0.0,1.80876,8999,692.2307692307693,6.5,coding_assistant,api,team,free,BR,AMER,False,0,0
U00249,3,18,2,0.1111111111111111,0.75,0.3333,133.33333333333334,3.42676,18302,1016.7777777777778,6.0,customer_support,api,enterprise_team,enterprise,GB,EMEA,False,1,4
U00250,4,24,9,0.375,-0.1,0.5,150.0,4.88584,25741,1072.5416666666667,6.0,customer_support,api,individual,free,IN,APAC,True,2,6
U00251,5,25,2,0.08,1.2142857142857142,0.2,80.0,5.52432,30518,1220.72,5.0,content_writing,api,individual,enterprise,DE,EMEA,False,1,4
U00252,3,11,3,0.2727272727272727,0.75,0.0,66.66666666666667,2.5028,16127,1466.090909090909,3.6666666666666665,brainstorming,api,team,enterprise,IN,APAC,False,0,2
U00253,6,32,13,0.40625,0.4545454545454545,0.5,66.66666666666667,6.097479999999999,31356,979.875,5.333333333333333,coding_assistant,internal_tool,individual,free,IN,APAC,False,3,4
U00254,2,17,1,0.0588235294117647,1.0,0.0,50.0,4.512359999999996,21651,1273.5882352941176,8.5,customer_support,mobile_app,team,pro,DE,EMEA,False,0,1
U00255,2,14,3,0.2142857142857142,0.5714285714285714,0.0,200.0,2.83264,13341,952.9285714285714,7.0,brainstorming,api,team,free,AE,EMEA,True,0,4
U00256,5,32,9,0.28125,0.3809523809523809,0.2,100.0,6.25064,30500,953.125,6.4,brainstorming,slack,team,free,CA,AMER,False,1,5
U00257,3,14,4,0.2857142857142857,0.4,0.3333,33.333333333333336,3.4338800000000003,18239,1302.7857142857142,4.666666666666667,data_analysis,api,team,enterprise,US,AMER,False,1,1
U00258,8,37,11,0.2972972972972973,0.55,0.375,62.5,7.14612,33523,906.027027027027,4.625,customer_support,api,team,free,GB,EMEA,False,3,5
U00259,4,27,5,0.1851851851851851,1.0,0.0,100.0,4.40304,25077,928.7777777777778,6.75,customer_support,slack,enterprise_team,free,IN,APAC,False,0,4
U00260,3,23,4,0.1739130434782608,1.1666666666666667,0.0,133.33333333333334,3.1788,22516,978.9565217391304,7.666666666666667,content_writing,api,individual,free,CA,AMER,False,0,4
U00261,6,29,9,0.3103448275862069,0.631578947368421,0.1667,50.0,4.72408,24680,851.0344827586207,4.833333333333333,customer_support,api,team,free,BR,AMER,False,1,3
U00262,4,25,9,0.36,0.5454545454545454,0.25,175.0,5.39092,25465,1018.6,6.25,customer_support,api,enterprise_team,free,IN,APAC,True,1,7
U00263,4,21,10,0.4761904761904761,0.0,0.5,75.0,3.03196,19413,924.4285714285714,5.25,customer_support,web_app,team,free,AU,APAC,False,2,3
U00264,6,34,5,0.1470588235294117,0.8947368421052632,0.1667,100.0,8.40696,47143,1386.5588235294117,5.666666666666667,data_analysis,api,team,enterprise,FR,EMEA,False,1,6
U00265,1,8,2,0.25,1.2,0.0,0.0,1.0278,6793,849.125,8.0,internal_qa,api,individual,enterprise,BR,AMER,False,0,0
U00266,3,13,6,0.4615384615384615,0.1428571428571428,0.6667,200.0,3.35428,13844,1064.923076923077,4.333333333333333,brainstorming,internal_tool,enterprise_team,free,AE,EMEA,True,2,6
U00267,5,27,8,0.2962962962962963,0.7647058823529411,0.0,60.0,5.509,33527,1241.7407407407406,5.4,customer_support,api,individual,pro,IN,APAC,False,0,3
U00268,2,21,10,0.4761904761904761,0.4166666666666667,0.5,200.0,3.887199999999997,26516,1262.6666666666667,10.5,data_analysis,web_app,enterprise_team,pro,GB,EMEA,True,1,4
U00269,2,11,2,0.1818181818181818,1.0,0.0,50.0,1.4338799999999998,9330,848.1818181818181,5.5,content_writing,mobile_app,team,free,IN,APAC,False,0,1
U00270,1,8,2,0.25,1.0,0.0,0.0,1.34232,11542,1442.75,8.0,customer_support,api,team,pro,DE,EMEA,False,0,0
U00271,5,22,8,0.3636363636363636,0.5,0.2,80.0,2.82984,21297,968.0454545454544,4.4,coding_assistant,web_app,individual,free,FR,EMEA,False,1,4
U00272,3,22,2,0.0909090909090909,1.0769230769230769,0.0,133.33333333333334,4.714359999999996,28436,1292.5454545454545,7.333333333333333,brainstorming,api,individual,pro,EG,EMEA,False,0,4
U00273,5,31,13,0.4193548387096774,-0.1333333333333333,0.2,140.0,6.01456,30701,990.3548387096774,6.2,customer_support,slack,team,free,AE,EMEA,True,1,7
U00274,1,5,1,0.2,,0.0,100.0,1.31996,3876,775.2,5.0,internal_qa,web_app,individual,pro,EG,EMEA,False,0,1
U00275,4,24,4,0.1666666666666666,0.5384615384615384,0.0,100.0,4.93988,29721,1238.375,6.0,brainstorming,web_app,enterprise_team,pro,EG,EMEA,False,0,4
U00276,7,37,15,0.4054054054054054,0.1739130434782608,0.4286,114.28571428571428,7.33848,38415,1038.2432432432431,5.285714285714286,coding_assistant,api,team,free,IN,APAC,False,3,8
U00277,4,23,3,0.1304347826086956,0.8461538461538461,0.0,25.0,4.65592,33949,1476.0434782608695,5.75,internal_qa,web_app,enterprise_team,enterprise,IN,APAC,False,0,1
U00278,1,2,1,0.5,0.0,0.0,0.0,0.3029199999999999,2587,1293.5,2.0,internal_qa,web_app,individual,free,FR,EMEA,False,0,0
U00279,3,16,6,0.375,1.2,0.0,100.0,3.06608,16873,1054.5625,5.333333333333333,brainstorming,mobile_app,team,free,EG,EMEA,False,0,3
U00280,1,9,2,0.2222222222222222,0.3333333333333333,0.0,100.0,1.33352,7218,802.0,9.0,customer_support,web_app,enterprise_team,free,US,AMER,False,0,1
U00281,3,13,5,0.3846153846153846,-0.125,0.3333,100.0,3.60932,16754,1288.7692307692307,4.333333333333333,coding_assistant,api,team,pro,DE,EMEA,False,1,3
U00282,8,37,11,0.2972972972972973,0.6,0.5,100.0,5.39564,48384,1307.6756756756756,4.625,coding_assistant,api,enterprise_team,enterprise,BR,AMER,False,4,8
U00283,4,20,5,0.25,0.4166666666666667,0.25,125.0,4.06212,19751,987.55,5.0,data_analysis,web_app,team,free,FR,EMEA,False,1,5
U00284,4,21,4,0.1904761904761904,0.9285714285714286,0.25,50.0,3.417719999999996,27296,1299.809523809524,5.25,brainstorming,api,individual,enterprise,AE,EMEA,False,1,2
U00285,3,16,2,0.125,1.75,0.0,133.33333333333334,1.40548,17776,1111.0,5.333333333333333,coding_assistant,mobile_app,enterprise_team,pro,US,AMER,False,0,4
U00286,4,18,1,0.0555555555555555,0.9166666666666666,0.0,75.0,2.76168,19375,1076.388888888889,4.5,brainstorming,mobile_app,individual,pro,AU,APAC,False,0,3
U00287,3,13,3,0.2307692307692307,1.125,0.3333,100.0,3.48888,15472,1190.1538461538462,4.333333333333333,content_writing,internal_tool,enterprise_team,pro,US,AMER,False,1,3
U00288,3,17,5,0.2941176470588235,0.7142857142857143,0.0,33.333333333333336,4.37328,20182,1187.1764705882354,5.666666666666667,internal_qa,api,enterprise_team,pro,FR,EMEA,False,0,1
U00289,7,43,10,0.2325581395348837,0.6190476190476191,0.2857,157.14285714285714,10.03264,54082,1257.7209302325582,6.142857142857143,coding_assistant,web_app,individual,pro,US,AMER,False,2,11
U00290,2,11,5,0.4545454545454545,-0.2,0.5,200.0,0.750479999999996,6142,558.3636363636364,5.5,coding_assistant,slack,team,free,DE,EMEA,True,1,4
U00291,4,19,6,0.3157894736842105,0.8333333333333334,0.25,25.0,4.85572,23106,1216.1052631578948,4.75,brainstorming,api,individual,pro,IN,APAC,False,1,1
U00292,3,17,5,0.2941176470588235,0.4,0.3333,100.0,3.52032,20060,1180.0,5.666666666666667,coding_assistant,mobile_app,team,enterprise,US,AMER,False,1,3
U00293,3,22,5,0.2272727272727272,0.9166666666666666,0.3333,200.0,5.67592,28574,1298.8181818181818,7.333333333333333,data_analysis,web_app,individual,enterprise,GB,EMEA,True,1,6
U00295,4,15,0,0.0,1.3,0.0,0.0,4.30396,19367,1291.1333333333334,3.75,brainstorming,api,enterprise_team,pro,US,AMER,False,0,0
U00296,3,21,3,0.1428571428571428,0.9333333333333332,0.0,100.0,3.26776,19560,931.4285714285714,7.0,brainstorming,web_app,individual,free,EG,EMEA,False,0,3
U00297,3,21,8,0.3809523809523809,0.8181818181818182,0.3333,33.333333333333336,5.276680000000001,26620,1267.6190476190477,7.0,coding_assistant,web_app,team,pro,DE,EMEA,False,1,1
U00298,6,40,16,0.4,0.4,0.3333,166.66666666666666,6.5434,37419,935.475,6.666666666666667,data_analysis,mobile_app,enterprise_team,free,FR,EMEA,True,2,10
U00299,4,20,12,0.6,-0.375,0.75,175.0,2.49128,20429,1021.45,5.0,customer_support,api,individual,free,US,AMER,True,3,7
U00300,4,25,8,0.32,0.7692307692307693,0.25,75.0,3.70712,30363,1214.52,6.25,customer_support,web_app,team,pro,GB,EMEA,False,1,3
U00301,5,26,10,0.3846153846153846,0.4117647058823529,0.2,100.0,4.07616,20978,806.8461538461538,5.2,customer_support,web_app,enterprise_team,free,AU,APAC,False,1,5
U00302,3,20,9,0.45,0.0,0.6667,266.6666666666667,1.96312,19473,973.65,6.666666666666667,coding_assistant,api,team,free,EG,EMEA,True,2,8
U00303,4,22,1,0.0454545454545454,1.2307692307692308,0.0,100.0,5.68484,29715,1350.6818181818182,5.5,content_writing,web_app,individual,pro,EG,EMEA,False,0,4
U00304,3,20,7,0.35,0.7272727272727273,0.3333,100.0,4.41432,20645,1032.25,6.666666666666667,coding_assistant,web_app,enterprise_team,free,IN,APAC,False,1,3
U00305,6,40,7,0.175,0.6842105263157895,0.1667,133.33333333333334,6.88016,46257,1156.425,6.666666666666667,content_writing,web_app,team,pro,GB,EMEA,False,1,8
U00306,5,44,13,0.2954545454545454,0.7037037037037037,0.0,280.0,7.7964,56996,1295.3636363636365,8.8,data_analysis,api,team,pro,DE,EMEA,True,0,14
U00307,1,6,0,0.0,1.3333333333333333,0.0,100.0,2.0546,9569,1594.8333333333333,6.0,brainstorming,api,team,pro,EG,EMEA,False,0,1
U00308,1,6,1,0.1666666666666666,0.6,0.0,0.0,0.98164,8361,1393.5,6.0,brainstorming,mobile_app,enterprise_team,pro,BR,AMER,False,0,0
U00309,2,6,2,0.3333333333333333,1.0,0.0,0.0,1.713,6488,1081.3333333333333,3.0,data_analysis,api,individual,free,EG,EMEA,False,0,0
U00311,2,9,1,0.1111111111111111,0.3333333333333333,0.0,0.0,3.10576,11586,1287.3333333333333,4.5,content_writing,web_app,individual,pro,GB,EMEA,False,0,0
U00312,7,30,9,0.3,0.3125,0.1429,114.28571428571428,4.47132,26794,893.1333333333333,4.285714285714286,customer_support,web_app,enterprise_team,free,US,AMER,False,1,8
U00313,2,13,2,0.1538461538461538,0.4285714285714285,0.0,100.0,3.71948,16504,1269.5384615384614,6.5,coding_assistant,web_app,enterprise_team,enterprise,IN,APAC,False,0,2
U00314,2,9,3,0.3333333333333333,1.3333333333333333,0.0,50.0,3.72324,12808,1423.111111111111,4.5,coding_assistant,api,individual,pro,GB,EMEA,False,0,1
U00315,3,19,6,0.3157894736842105,0.4,0.3333,100.0,3.19308,20365,1071.842105263158,6.333333333333333,coding_assistant,web_app,individual,pro,BR,AMER,False,1,3
U00316,4,23,2,0.0869565217391304,0.6666666666666666,0.25,75.0,6.323719999999996,28842,1254.0,5.75,brainstorming,mobile_app,individual,enterprise,US,AMER,False,1,3
U00317,2,20,3,0.15,1.1538461538461535,0.0,50.0,3.15064,23741,1187.05,10.0,customer_support,web_app,team,enterprise,AU,APAC,False,0,1
U00318,1,5,2,0.4,0.25,1.0,200.0,0.65772,7731,1546.2,5.0,data_analysis,mobile_app,enterprise_team,enterprise,AU,APAC,True,1,2
U00319,5,34,9,0.2647058823529412,0.5555555555555556,0.0,120.0,6.9896,49758,1463.470588235294,6.8,customer_support,api,individual,pro,DE,EMEA,False,0,6
U00320,4,22,9,0.4090909090909091,0.875,0.25,100.0,3.665,21032,956.0,5.5,customer_support,internal_tool,team,free,IN,APAC,False,1,4
U00321,5,29,7,0.2413793103448276,0.5555555555555556,0.0,80.0,7.8232,42715,1472.9310344827586,5.8,customer_support,api,enterprise_team,pro,EG,EMEA,False,0,4
U00322,5,28,9,0.3214285714285714,0.4444444444444444,0.2,80.0,4.31668,26533,947.6071428571428,5.6,brainstorming,web_app,individual,free,AU,APAC,False,1,4
U00323,2,13,4,0.3076923076923077,0.4285714285714285,0.5,150.0,2.4589600000000003,15152,1165.5384615384614,6.5,coding_assistant,web_app,team,enterprise,US,AMER,True,1,3
U00324,4,27,6,0.2222222222222222,0.7222222222222222,0.0,75.0,4.46496,24213,896.7777777777778,6.75,content_writing,web_app,individual,free,CA,AMER,False,0,3
U00325,5,27,5,0.1851851851851851,0.7857142857142857,0.4,140.0,4.3142000000000005,38655,1431.6666666666667,5.4,coding_assistant,web_app,individual,enterprise,BR,AMER,False,2,7
U00326,2,10,3,0.3,1.5,0.0,50.0,1.08612,7981,798.1,5.0,customer_support,mobile_app,enterprise_team,free,FR,EMEA,False,0,1
U00327,5,26,5,0.1923076923076923,0.6,0.0,120.0,2.53612,22823,877.8076923076923,5.2,customer_support,internal_tool,individual,free,DE,EMEA,False,0,6
U00328,1,4,1,0.25,1.0,0.0,0.0,0.5541200000000001,4769,1192.25,4.0,data_analysis,mobile_app,individual,free,CA,AMER,False,0,0
U00329,2,6,3,0.5,0.0,0.5,150.0,1.24344,8291,1381.8333333333333,3.0,content_writing,internal_tool,enterprise_team,pro,EG,EMEA,False,1,3
U00330,2,16,6,0.375,0.3636363636363636,0.5,100.0,3.77708,21393,1337.0625,8.0,brainstorming,api,individual,pro,FR,EMEA,False,1,2
U00331,7,32,14,0.4375,-0.1176470588235294,0.4286,57.142857142857146,6.144920000000001,29578,924.3125,4.571428571428571,coding_assistant,web_app,individual,free,FR,EMEA,False,3,4
U00332,4,29,6,0.2068965517241379,1.105263157894737,0.25,125.0,7.44532,41757,1439.896551724138,7.25,customer_support,web_app,individual,enterprise,FR,EMEA,False,1,5
U00333,3,16,2,0.125,0.6,0.0,66.66666666666667,2.447639999999996,13988,874.25,5.333333333333333,brainstorming,api,enterprise_team,free,DE,EMEA,False,0,2
U00334,3,14,6,0.4285714285714285,0.7142857142857143,0.3333,100.0,2.43096,14434,1031.0,4.666666666666667,brainstorming,api,team,free,BR,AMER,False,1,3
U00335,8,48,11,0.2291666666666666,0.7241379310344828,0.125,50.0,11.171120000000002,61782,1287.125,6.0,customer_support,web_app,individual,enterprise,IN,APAC,False,1,4
U00336,4,22,8,0.3636363636363636,0.1538461538461538,0.0,100.0,4.69924,19955,907.0454545454544,5.5,coding_assistant,api,individual,free,FR,EMEA,False,0,4
U00337,2,5,1,0.2,0.0,0.0,100.0,1.34464,5497,1099.4,2.5,coding_assistant,api,team,free,BR,AMER,False,0,2
U00338,3,17,1,0.0588235294117647,0.8571428571428571,0.0,33.333333333333336,3.917,18720,1101.1764705882354,5.666666666666667,content_writing,web_app,individual,pro,EG,EMEA,False,0,1
U00339,4,18,2,0.1111111111111111,1.2,0.0,50.0,2.00936,11899,661.0555555555555,4.5,brainstorming,web_app,individual,free,AE,EMEA,False,0,2
U00340,3,15,3,0.2,0.7142857142857143,0.0,100.0,2.354079999999996,14069,937.9333333333332,5.0,coding_assistant,web_app,team,free,IN,APAC,False,0,3
U00341,3,11,3,0.2727272727272727,0.7142857142857143,0.3333,33.333333333333336,1.5294,9876,897.8181818181819,3.6666666666666665,customer_support,web_app,enterprise_team,free,GB,EMEA,False,1,1
U00342,6,25,13,0.52,0.1538461538461538,0.5,116.66666666666669,4.93956,24698,987.92,4.166666666666667,customer_support,slack,enterprise_team,free,DE,EMEA,False,3,7
U00343,3,17,3,0.1764705882352941,0.8888888888888888,0.3333,33.333333333333336,4.69224,21593,1270.1764705882354,5.666666666666667,content_writing,api,individual,enterprise,US,AMER,False,1,1
U00344,4,23,5,0.217391304347826,1.0,0.0,50.0,2.9618,25693,1117.0869565217392,5.75,customer_support,api,individual,free,US,AMER,False,0,2
U00345,5,27,6,0.2222222222222222,0.8235294117647058,0.0,100.0,4.502,23097,855.4444444444445,5.4,content_writing,web_app,individual,free,EG,EMEA,False,0,5
U00346,2,11,3,0.2727272727272727,0.4,0.0,50.0,2.70412,10613,964.818181818182,5.5,brainstorming,slack,individual,free,AE,EMEA,False,0,1
U00347,5,31,9,0.2903225806451613,0.6153846153846154,0.0,140.0,5.97904,28451,917.7741935483872,6.2,brainstorming,web_app,team,free,US,AMER,True,0,7
U00349,2,8,4,0.5,0.5,0.5,150.0,1.17668,6447,805.875,4.0,customer_support,slack,individual,free,AE,EMEA,True,1,3
U00350,2,9,2,0.2222222222222222,2.0,0.5,100.0,2.558519999999996,12462,1384.6666666666667,4.5,brainstorming,web_app,individual,enterprise,IN,APAC,False,1,2
U00351,2,12,3,0.25,0.8333333333333334,0.5,100.0,2.97564,15623,1301.9166666666667,6.0,coding_assistant,web_app,team,enterprise,AE,EMEA,False,1,2
U00352,6,37,10,0.2702702702702703,0.2727272727272727,0.1667,83.33333333333333,6.495759999999996,50335,1360.4054054054054,6.166666666666667,customer_support,api,individual,enterprise,FR,EMEA,False,1,5
U00353,3,19,5,0.2631578947368421,0.6666666666666666,0.0,133.33333333333334,3.56356,18734,986.0,6.333333333333333,coding_assistant,web_app,team,free,IN,APAC,False,0,4
U00354,5,32,5,0.15625,0.8888888888888888,0.2,100.0,8.015839999999999,44798,1399.9375,6.4,content_writing,api,individual,enterprise,IN,APAC,False,1,5
U00355,2,10,5,0.5,0.0,0.5,250.0,1.78608,14725,1472.5,5.0,data_analysis,web_app,individual,pro,US,AMER,True,1,5
U00356,2,10,3,0.3,1.1666666666666667,0.0,0.0,2.71352,13358,1335.8,5.0,customer_support,api,team,pro,GB,EMEA,False,0,0
U00357,3,19,6,0.3157894736842105,1.2,0.6667,166.66666666666666,3.99516,24179,1272.578947368421,6.333333333333333,coding_assistant,web_app,team,enterprise,DE,EMEA,True,2,5
U00358,5,25,8,0.32,0.7,0.2,80.0,6.637599999999996,32380,1295.2,5.0,content_writing,web_app,individual,pro,FR,EMEA,False,1,4
U00360,5,35,8,0.2285714285714285,0.6666666666666666,0.0,220.0,8.70824,44387,1268.2,7.0,customer_support,mobile_app,individual,pro,AE,EMEA,True,0,11
U00361,4,14,4,0.2857142857142857,0.5714285714285714,0.25,50.0,1.18576,11590,827.8571428571429,3.5,brainstorming,web_app,individual,free,FR,EMEA,False,1,2
U00362,3,8,3,0.375,-0.25,0.0,66.66666666666667,2.0002,7761,970.125,2.6666666666666665,customer_support,internal_tool,individual,free,FR,EMEA,False,0,2
U00363,6,22,6,0.2727272727272727,0.1428571428571428,0.1667,116.66666666666669,4.49932,24913,1132.409090909091,3.6666666666666665,customer_support,web_app,individual,pro,FR,EMEA,False,1,7
U00364,3,16,2,0.125,0.7142857142857143,0.0,0.0,3.930599999999996,23145,1446.5625,5.333333333333333,content_writing,api,individual,enterprise,US,AMER,False,0,0
U00365,7,46,16,0.3478260869565217,-0.037037037037037,0.1429,114.28571428571428,8.62632,43620,948.2608695652174,6.571428571428571,coding_assistant,api,individual,free,BR,AMER,False,1,8
U00366,2,7,4,0.5714285714285714,,0.5,50.0,1.408039999999996,7361,1051.571428571429,3.5,customer_support,internal_tool,team,pro,EG,EMEA,False,1,1
U00367,1,7,3,0.4285714285714285,-0.5,0.0,100.0,0.59044,5575,796.4285714285714,7.0,content_writing,api,individual,pro,IN,APAC,False,0,1
U00368,5,33,11,0.3333333333333333,0.7142857142857143,0.2,180.0,5.140639999999999,30963,938.2727272727273,6.6,content_writing,web_app,team,free,US,AMER,True,1,9
U00369,5,22,4,0.1818181818181818,0.7857142857142857,0.4,60.0,5.959639999999996,29561,1343.6818181818182,4.4,data_analysis,web_app,team,enterprise,AE,EMEA,False,2,3
U00370,5,25,6,0.24,0.8666666666666667,0.0,40.0,4.249,32822,1312.88,5.0,data_analysis,api,individual,pro,AU,APAC,False,0,2
U00371,4,29,13,0.4482758620689655,0.3636363636363636,0.25,150.0,5.04416,26609,917.551724137931,7.25,content_writing,web_app,team,free,IN,APAC,True,1,6
U00372,2,14,4,0.2857142857142857,1.6,0.5,150.0,1.23436,11592,828.0,7.0,content_writing,api,enterprise_team,free,GB,EMEA,False,1,3
U00373,4,21,8,0.3809523809523809,0.0,0.25,75.0,5.21452,25437,1211.2857142857142,5.25,coding_assistant,api,team,pro,DE,EMEA,False,1,3
U00374,3,18,3,0.1666666666666666,0.7,0.0,66.66666666666667,4.07064,20368,1131.5555555555557,6.0,coding_assistant,internal_tool,enterprise_team,pro,BR,AMER,False,0,2
U00375,5,15,4,0.2666666666666666,0.3636363636363636,0.2,40.0,4.61828,20409,1360.6,3.0,internal_qa,api,team,pro,BR,AMER,False,1,2
U00376,1,6,2,0.3333333333333333,1.1666666666666667,0.0,0.0,1.0634,7079,1179.8333333333333,6.0,customer_support,web_app,enterprise_team,enterprise,US,AMER,False,0,0
U00377,2,6,2,0.3333333333333333,2.0,0.0,50.0,1.10884,4979,829.8333333333334,3.0,customer_support,slack,team,free,GB,EMEA,False,0,1
U00378,2,10,1,0.1,1.0,0.0,100.0,1.5394,8356,835.6,5.0,content_writing,api,individual,free,DE,EMEA,False,0,2
U00379,6,37,8,0.2162162162162162,0.6,0.0,83.33333333333333,8.39096,46771,1264.081081081081,6.166666666666667,content_writing,slack,individual,pro,BR,AMER,False,0,5
U00380,1,6,0,0.0,1.0,0.0,0.0,0.93224,6970,1161.6666666666667,6.0,customer_support,api,individual,pro,US,AMER,False,0,0
U00381,5,32,9,0.28125,0.55,0.2,120.0,4.55148,29418,919.3125,6.4,brainstorming,slack,individual,free,AE,EMEA,False,1,6
U00382,3,11,2,0.1818181818181818,0.6666666666666666,0.0,0.0,2.28416,9723,883.9090909090909,3.6666666666666665,brainstorming,web_app,team,free,DE,EMEA,False,0,0
U00383,4,24,5,0.2083333333333333,0.75,0.0,100.0,7.099959999999999,29160,1215.0,6.0,coding_assistant,api,individual,pro,AE,EMEA,False,0,4
U00384,6,28,15,0.5357142857142857,-0.0666666666666666,0.6667,166.66666666666666,3.81224,21987,785.25,4.666666666666667,data_analysis,web_app,team,free,US,AMER,True,4,10
U00385,6,39,18,0.4615384615384615,0.0526315789473684,0.3333,100.0,7.351879999999999,37105,951.4102564102564,6.5,customer_support,api,team,free,EG,EMEA,False,2,6
U00386,7,47,14,0.2978723404255319,0.65,0.1429,157.14285714285714,8.578239999999996,42645,907.3404255319148,6.714285714285714,data_analysis,web_app,individual,free,IN,APAC,False,1,11
U00387,4,20,7,0.35,0.3333333333333333,0.5,75.0,4.88568,19906,995.3,5.0,coding_assistant,api,individual,free,AE,EMEA,False,2,3
U00388,3,23,4,0.1739130434782608,0.9230769230769232,0.0,100.0,4.233679999999996,29042,1262.695652173913,7.666666666666667,brainstorming,web_app,individual,pro,GB,EMEA,False,0,3
U00389,6,51,16,0.3137254901960784,1.2413793103448276,0.3333,166.66666666666666,12.49912,52239,1024.2941176470588,8.5,data_analysis,web_app,individual,free,EG,EMEA,True,2,10
U00390,3,15,6,0.4,0.2,0.3333,33.333333333333336,2.566,15046,1003.0666666666668,5.0,brainstorming,internal_tool,individual,free,IN,APAC,False,1,1
U00391,4,22,6,0.2727272727272727,0.0,0.25,100.0,3.3548,19921,905.5,5.5,customer_support,web_app,individual,free,GB,EMEA,False,1,4
U00392,3,21,3,0.1428571428571428,0.9090909090909092,0.0,133.33333333333334,3.11976,20843,992.5238095238096,7.0,customer_support,internal_tool,team,free,DE,EMEA,False,0,4
U00393,3,15,7,0.4666666666666667,-0.2222222222222222,0.3333,166.66666666666666,2.8360800000000004,13339,889.2666666666667,5.0,brainstorming,web_app,team,free,US,AMER,True,1,5
U00394,2,9,4,0.4444444444444444,0.3333333333333333,0.5,100.0,2.60708,12474,1386.0,4.5,brainstorming,web_app,enterprise_team,pro,IN,APAC,False,1,2
U00396,6,36,9,0.25,0.7391304347826086,0.1667,50.0,8.01788,42883,1191.1944444444443,6.0,coding_assistant,web_app,enterprise_team,enterprise,US,AMER,False,1,3
U00397,1,7,4,0.5714285714285714,-0.5,0.0,0.0,1.22208,7641,1091.571428571429,7.0,internal_qa,api,team,pro,IN,APAC,False,0,0
U00398,4,26,10,0.3846153846153846,0.2352941176470588,0.25,125.0,4.39748,24808,954.1538461538462,6.5,coding_assistant,web_app,individual,free,FR,EMEA,False,1,5
U00399,10,46,14,0.3043478260869565,0.4230769230769231,0.1,80.0,10.83728,56401,1226.108695652174,4.6,customer_support,web_app,team,pro,DE,EMEA,False,1,8
U00400,5,23,5,0.217391304347826,1.2,0.0,20.0,4.12016,25560,1111.304347826087,4.6,brainstorming,web_app,individual,enterprise,BR,AMER,False,0,1
U00401,4,29,8,0.2758620689655172,0.6153846153846154,0.0,100.0,5.523759999999999,30809,1062.3793103448277,7.25,customer_support,internal_tool,team,free,BR,AMER,False,0,4
U00402,2,17,7,0.4117647058823529,0.0,0.5,100.0,2.55728,16276,957.4117647058824,8.5,coding_assistant,mobile_app,individual,free,IN,APAC,False,1,2
U00403,1,4,2,0.5,0.0,1.0,200.0,1.269839999999996,4387,1096.75,4.0,coding_assistant,api,individual,free,DE,EMEA,True,1,2
U00404,2,10,4,0.4,0.3333333333333333,0.5,150.0,1.520959999999996,8766,876.6,5.0,coding_assistant,api,team,free,IN,APAC,False,1,3
U00405,2,19,6,0.3157894736842105,0.1666666666666666,0.0,100.0,3.56036,18710,984.7368421052632,9.5,content_writing,api,team,free,CA,AMER,False,0,2
U00406,3,20,5,0.25,0.3636363636363636,0.0,100.0,5.29,21946,1097.3,6.666666666666667,brainstorming,api,individual,pro,BR,AMER,False,0,3
U00407,3,26,4,0.1538461538461538,1.0625,0.0,200.0,4.93768,25974,999.0,8.666666666666666,content_writing,web_app,team,free,US,AMER,True,0,6
U00408,3,19,9,0.4736842105263157,0.0,0.6667,33.333333333333336,3.5838,26304,1384.421052631579,6.333333333333333,brainstorming,web_app,individual,pro,AE,EMEA,False,2,1
U00409,3,20,5,0.25,0.4285714285714285,0.0,66.66666666666667,3.0929200000000003,19551,977.55,6.666666666666667,customer_support,api,team,free,AE,EMEA,False,0,2
U00410,4,24,8,0.3333333333333333,0.3636363636363636,0.25,100.0,4.31924,20777,865.7083333333334,6.0,data_analysis,mobile_app,enterprise_team,free,AE,EMEA,False,1,4
U00411,5,32,3,0.09375,0.9411764705882352,0.0,80.0,6.11336,41171,1286.59375,6.4,brainstorming,web_app,team,pro,IN,APAC,False,0,4
U00412,2,17,4,0.2352941176470588,0.5,0.0,150.0,3.20064,23579,1387.0,8.5,brainstorming,web_app,individual,pro,BR,AMER,False,0,3
U00413,1,2,0,0.0,2.0,0.0,0.0,0.062559999999996,1844,922.0,2.0,customer_support,api,individual,free,US,AMER,False,0,0
U00414,5,26,3,0.1153846153846153,1.0769230769230769,0.0,80.0,2.929,22503,865.5,5.2,customer_support,api,team,free,GB,EMEA,False,0,4
U00415,3,13,2,0.1538461538461538,1.4,0.0,33.333333333333336,1.64744,9424,724.9230769230769,4.333333333333333,brainstorming,web_app,individual,free,DE,EMEA,False,0,1
U00416,2,8,0,0.0,1.0,0.0,150.0,2.45104,8685,1085.625,4.0,coding_assistant,mobile_app,enterprise_team,free,BR,AMER,False,0,3
U00417,6,31,7,0.2258064516129032,1.0,0.0,83.33333333333333,7.780519999999999,42656,1376.0,5.166666666666667,content_writing,web_app,team,pro,BR,AMER,False,0,5
U00418,6,23,5,0.217391304347826,0.3846153846153846,0.1667,33.333333333333336,4.22072,23254,1011.0434782608696,3.8333333333333335,customer_support,web_app,team,pro,IN,APAC,False,1,2
U00419,2,10,3,0.3,0.5714285714285714,0.5,50.0,1.57516,9905,990.5,5.0,coding_assistant,api,enterprise_team,free,CA,AMER,False,1,1
U00420,4,21,8,0.3809523809523809,0.0833333333333333,0.25,75.0,2.5956400000000004,19253,916.809523809524,5.25,data_analysis,internal_tool,individual,free,EG,EMEA,False,1,3
U00421,3,13,2,0.1538461538461538,1.4,0.0,66.66666666666667,2.9012,14129,1086.8461538461538,4.333333333333333,coding_assistant,mobile_app,individual,free,US,AMER,False,0,2
U00422,4,18,8,0.4444444444444444,-0.4444444444444444,0.25,50.0,2.9576,16438,913.2222222222222,4.5,customer_support,api,team,free,CA,AMER,False,1,2
U00423,6,27,8,0.2962962962962963,0.5882352941176471,0.1667,100.0,4.6076,24248,898.074074074074,4.5,customer_support,mobile_app,individual,free,IN,APAC,False,1,6
U00424,4,26,13,0.5,0.3333333333333333,0.5,150.0,6.010879999999999,27554,1059.7692307692307,6.5,data_analysis,web_app,team,free,FR,EMEA,True,2,6
U00425,4,26,8,0.3076923076923077,0.4615384615384615,0.25,125.0,4.61692,23909,919.5769230769232,6.5,coding_assistant,web_app,individual,free,US,AMER,False,1,5
U00426,6,49,20,0.4081632653061224,0.3333333333333333,0.1667,150.0,8.450800000000001,49421,1008.591836734694,8.166666666666666,customer_support,api,team,free,FR,EMEA,False,1,9
U00427,5,36,14,0.3888888888888889,0.3181818181818182,0.4,80.0,9.21456,45084,1252.3333333333333,7.2,content_writing,web_app,individual,pro,AE,EMEA,False,2,4
U00428,1,5,1,0.2,0.5,0.0,200.0,1.18168,8883,1776.6,5.0,customer_support,api,individual,pro,US,AMER,True,0,2
U00429,2,6,1,0.1666666666666666,0.5,0.0,50.0,0.962119999999996,6067,1011.1666666666666,3.0,customer_support,api,enterprise_team,pro,EG,EMEA,False,0,1
U00430,3,19,8,0.4210526315789473,0.1,0.3333,166.66666666666666,4.226519999999995,20538,1080.9473684210527,6.333333333333333,customer_support,mobile_app,team,free,BR,AMER,True,1,5
U00431,5,37,13,0.3513513513513513,0.4444444444444444,0.2,120.0,5.7194,36102,975.7297297297296,7.4,data_analysis,web_app,enterprise_team,free,US,AMER,False,1,6
U00432,2,16,6,0.375,0.2222222222222222,0.0,150.0,2.752759999999996,16727,1045.4375,8.0,customer_support,web_app,team,free,EG,EMEA,True,0,3
U00433,6,32,11,0.34375,0.7647058823529411,0.1667,133.33333333333334,5.010400000000001,32811,1025.34375,5.333333333333333,coding_assistant,mobile_app,individual,free,CA,AMER,False,1,8
U00434,2,19,6,0.3157894736842105,0.4,0.0,150.0,7.14052,27997,1473.5263157894738,9.5,coding_assistant,api,team,pro,AE,EMEA,False,0,3
U00435,3,16,1,0.0625,1.625,0.0,33.333333333333336,2.97772,16940,1058.75,5.333333333333333,coding_assistant,slack,team,pro,BR,AMER,False,0,1
U00436,4,23,7,0.3043478260869565,0.8,0.25,125.0,4.90848,28935,1258.0434782608695,5.75,coding_assistant,api,individual,pro,IN,APAC,False,1,5
U00437,7,35,13,0.3714285714285714,0.4583333333333333,0.2857,100.0,7.45552,34880,996.5714285714286,5.0,customer_support,api,individual,free,DE,EMEA,False,2,7
U00438,3,16,1,0.0625,1.0,0.0,66.66666666666667,3.55464,22365,1397.8125,5.333333333333333,coding_assistant,web_app,individual,enterprise,GB,EMEA,False,0,2
U00439,2,16,3,0.1875,0.625,0.0,150.0,2.41884,14692,918.25,8.0,brainstorming,api,individual,free,GB,EMEA,False,0,3
U00440,4,30,12,0.4,0.2352941176470588,0.5,100.0,3.44696,26096,869.8666666666667,7.5,customer_support,api,team,free,BR,AMER,False,2,4
U00441,3,19,3,0.1578947368421052,0.7,0.3333,66.66666666666667,3.42984,23252,1223.7894736842106,6.333333333333333,coding_assistant,slack,individual,enterprise,BR,AMER,False,1,2
U00442,3,17,7,0.4117647058823529,0.5714285714285714,0.3333,133.33333333333334,5.82972,22183,1304.8823529411766,5.666666666666667,customer_support,mobile_app,individual,pro,DE,EMEA,False,1,4
U00443,3,18,5,0.2777777777777778,0.25,0.0,0.0,2.05296,13788,766.0,6.0,brainstorming,api,enterprise_team,free,DE,EMEA,False,0,0
U00444,2,8,3,0.375,0.25,0.0,50.0,1.03576,8258,1032.25,4.0,customer_support,web_app,individual,pro,AE,EMEA,False,0,1
U00446,4,23,11,0.4782608695652174,0.5,0.25,150.0,4.52972,23244,1010.608695652174,5.75,brainstorming,web_app,individual,free,GB,EMEA,True,1,6
U00447,3,14,5,0.3571428571428571,0.3333333333333333,0.3333,100.0,2.75636,14009,1000.6428571428572,4.666666666666667,coding_assistant,slack,team,free,AE,EMEA,False,1,3
U00448,4,25,4,0.16,0.3076923076923077,0.0,25.0,4.15832,34941,1397.64,6.25,brainstorming,api,individual,pro,DE,EMEA,False,0,1
U00449,6,33,17,0.5151515151515151,0.2105263157894736,0.5,50.0,5.92976,30486,923.818181818182,5.5,customer_support,api,enterprise_team,free,BR,AMER,False,3,3
U00450,3,22,8,0.3636363636363636,0.4285714285714285,0.6667,133.33333333333334,3.51628,20490,931.3636363636364,7.333333333333333,customer_support,web_app,individual,free,AU,APAC,False,2,4
